INSERT INTO public.owners VALUES ('32797814-771c-4f44-b7e1-76491e4cabc0', 'Аркадий', 'Волож');
INSERT INTO public.owners VALUES ('2248971b-030e-40b5-a7b4-4ac6b31bba1c', 'Илья', 'Сегалович');
INSERT INTO public.owners VALUES ('d5de535b-8ba5-4d16-b8cc-c478428b745a', 'Тигран', 'Худавердян');
INSERT INTO public.owners VALUES ('25300d9a-da01-45f8-a21c-b1a95d32cc73', 'Даниил', 'Шулейко');
INSERT INTO public.owners VALUES ('28f52458-fc83-4d22-ba02-aaf0914ba822', 'Григорий', 'Дергачев');
INSERT INTO public.owners VALUES ('7d1bd28c-f509-4b17-8b01-9be547301bcd', 'Елена', 'Бунина');
INSERT INTO public.owners VALUES ('caa6d37c-cfa5-40ed-b08c-79b6a95726fb', 'Грег', 'Абовский');
INSERT INTO public.owners VALUES ('074056c8-268f-4dc3-9f8e-7ece76f7bbe5', 'Линус', 'Торвальдс');
INSERT INTO public.owners VALUES ('a8b25690-a9c4-4532-89ec-f5f0c405ea87', 'Гвидо', 'Ван Россум');
INSERT INTO public.owners VALUES ('09add97d-17d4-490e-8102-f913ef2c2235', 'Ричард', 'Столлман');
INSERT INTO public.buildings VALUES ('7bb7e0e9-1aa5-4d59-843b-019a20be0bdc', 'улица Льва Толстого', '16');
INSERT INTO public.buildings VALUES ('5e685c9c-9bab-470f-857c-60ebec13f3ba', 'Новинский бульвар', '8');
INSERT INTO public.buildings VALUES ('b13c6345-7da9-4ada-b0c8-1d59f6c97ec1', 'Садовническая улица ', '82');
INSERT INTO public.buildings VALUES ('079a3bf2-48e0-469f-8c96-1a5a6ba4413b', '1-й Красногвардейский проезд', '21');
INSERT INTO public.buildings VALUES ('ea759938-d22d-4582-bf0e-81f4e6c89b02', 'улица Косыгина', '15');
INSERT INTO public.buildings VALUES ('1bf4e497-d679-496a-a2fb-d9ea9b022a29', 'Ленинградский проспект', '39');
INSERT INTO public.buildings VALUES ('3362d0e4-77f4-4b2f-a750-010e91b39466', '2-я Бауманская', '5');
INSERT INTO public.buildings VALUES ('679ebc23-4a17-4b2b-bba8-b72a0b74d21b', 'Рубцовская набережная', '2');
INSERT INTO public.buildings VALUES ('a3a0afd2-8fbd-4f62-a44a-719f7fcf43ca', 'Госпитальный переулок', '10');
INSERT INTO public.buildings VALUES ('895be913-f39b-4a90-8733-e16f19feda60', 'Лефортовская набережная', '1');
INSERT INTO public.apartaments VALUES ('d4baebf1-7127-4eb5-b381-adec016f81c1', '487', '{ "street": "1-й Красногвардейский проезд", "house_number": "21", "apartament_number": "487" }', '079a3bf2-48e0-469f-8c96-1a5a6ba4413b', '7d1bd28c-f509-4b17-8b01-9be547301bcd');
INSERT INTO public.apartaments VALUES ('66060b62-14c2-4c40-bd27-b70f94cfb2a7', '545', '{ "street": "улица Льва Толстого", "house_number": "16", "apartament_number": "545" }', '7bb7e0e9-1aa5-4d59-843b-019a20be0bdc', 'caa6d37c-cfa5-40ed-b08c-79b6a95726fb');
INSERT INTO public.apartaments VALUES ('af65fa1e-7923-4e30-bec6-f9a197c2ee86', '791', '{ "street": "2-я Бауманская", "house_number": "5", "apartament_number": "791" }', '3362d0e4-77f4-4b2f-a750-010e91b39466', 'a8b25690-a9c4-4532-89ec-f5f0c405ea87');
INSERT INTO public.apartaments VALUES ('bd9a6a40-f7af-41cb-bff7-5193a01f1afd', '365', '{ "street": "Новинский бульвар", "house_number": "8", "apartament_number": "365" }', '5e685c9c-9bab-470f-857c-60ebec13f3ba', '7d1bd28c-f509-4b17-8b01-9be547301bcd');
INSERT INTO public.apartaments VALUES ('8b5d5e1f-34c0-4c19-a793-e9ab2b0dba8f', '102', '{ "street": "Госпитальный переулок", "house_number": "10", "apartament_number": "102" }', 'a3a0afd2-8fbd-4f62-a44a-719f7fcf43ca', 'd5de535b-8ba5-4d16-b8cc-c478428b745a');
INSERT INTO public.apartaments VALUES ('64032adc-b57b-4695-998c-d2d57110f68a', '16', '{ "street": "Госпитальный переулок", "house_number": "10", "apartament_number": "16" }', 'a3a0afd2-8fbd-4f62-a44a-719f7fcf43ca', '074056c8-268f-4dc3-9f8e-7ece76f7bbe5');
INSERT INTO public.apartaments VALUES ('c882144a-b3af-4b54-b43b-2b90b111772b', '650', '{ "street": "Рубцовская набережная", "house_number": "2", "apartament_number": "650" }', '679ebc23-4a17-4b2b-bba8-b72a0b74d21b', 'caa6d37c-cfa5-40ed-b08c-79b6a95726fb');
INSERT INTO public.apartaments VALUES ('7e108eb7-4c3e-473a-afd7-99393044afb4', '485', '{ "street": "Садовническая улица ", "house_number": "82", "apartament_number": "485" }', 'b13c6345-7da9-4ada-b0c8-1d59f6c97ec1', '32797814-771c-4f44-b7e1-76491e4cabc0');
INSERT INTO public.apartaments VALUES ('c82ed7c5-c03a-4335-a2d4-f9405b160446', '645', '{ "street": "Новинский бульвар", "house_number": "8", "apartament_number": "645" }', '5e685c9c-9bab-470f-857c-60ebec13f3ba', 'a8b25690-a9c4-4532-89ec-f5f0c405ea87');
INSERT INTO public.apartaments VALUES ('1c0bc3f9-ae02-4fa2-b164-478c52118382', '134', '{ "street": "Ленинградский проспект", "house_number": "39", "apartament_number": "134" }', '1bf4e497-d679-496a-a2fb-d9ea9b022a29', '7d1bd28c-f509-4b17-8b01-9be547301bcd');
INSERT INTO public.apartaments VALUES ('1905545b-f230-4e6e-8b85-741ca2ad2bec', '657', '{ "street": "Новинский бульвар", "house_number": "8", "apartament_number": "657" }', '5e685c9c-9bab-470f-857c-60ebec13f3ba', '2248971b-030e-40b5-a7b4-4ac6b31bba1c');
INSERT INTO public.apartaments VALUES ('1460575d-4e79-41f4-934f-214cfc65f819', '430', '{ "street": "Ленинградский проспект", "house_number": "39", "apartament_number": "430" }', '1bf4e497-d679-496a-a2fb-d9ea9b022a29', '25300d9a-da01-45f8-a21c-b1a95d32cc73');
INSERT INTO public.apartaments VALUES ('e760bae2-c721-42e3-ba65-b99baa882fb9', '171', '{ "street": "Рубцовская набережная", "house_number": "2", "apartament_number": "171" }', '679ebc23-4a17-4b2b-bba8-b72a0b74d21b', '7d1bd28c-f509-4b17-8b01-9be547301bcd');
INSERT INTO public.apartaments VALUES ('a8bce8df-86d7-481e-9a0b-c45ee9111926', '795', '{ "street": "2-я Бауманская", "house_number": "5", "apartament_number": "795" }', '3362d0e4-77f4-4b2f-a750-010e91b39466', 'caa6d37c-cfa5-40ed-b08c-79b6a95726fb');
INSERT INTO public.apartaments VALUES ('e8457b94-091d-4622-b1db-5855d0a52fc7', '594', '{ "street": "Садовническая улица ", "house_number": "82", "apartament_number": "594" }', 'b13c6345-7da9-4ada-b0c8-1d59f6c97ec1', '7d1bd28c-f509-4b17-8b01-9be547301bcd');
INSERT INTO public.apartaments VALUES ('9dd280bf-e996-49d6-b2d3-c14325bdd785', '985', '{ "street": "Рубцовская набережная", "house_number": "2", "apartament_number": "985" }', '679ebc23-4a17-4b2b-bba8-b72a0b74d21b', 'a8b25690-a9c4-4532-89ec-f5f0c405ea87');
INSERT INTO public.apartaments VALUES ('818f7c4d-7ad8-415d-b152-e2edc0e3b113', '384', '{ "street": "Лефортовская набережная", "house_number": "1", "apartament_number": "384" }', '895be913-f39b-4a90-8733-e16f19feda60', '7d1bd28c-f509-4b17-8b01-9be547301bcd');
INSERT INTO public.apartaments VALUES ('c6abadfa-5971-4395-b443-f81d0f5ab311', '196', '{ "street": "1-й Красногвардейский проезд", "house_number": "21", "apartament_number": "196" }', '079a3bf2-48e0-469f-8c96-1a5a6ba4413b', '2248971b-030e-40b5-a7b4-4ac6b31bba1c');
INSERT INTO public.apartaments VALUES ('d5d0e18c-0a40-4ff6-8014-56cab5caf37c', '889', '{ "street": "1-й Красногвардейский проезд", "house_number": "21", "apartament_number": "889" }', '079a3bf2-48e0-469f-8c96-1a5a6ba4413b', '32797814-771c-4f44-b7e1-76491e4cabc0');
INSERT INTO public.apartaments VALUES ('cbad1405-0814-437f-b50a-9a1c2bdd8dd3', '689', '{ "street": "Садовническая улица ", "house_number": "82", "apartament_number": "689" }', 'b13c6345-7da9-4ada-b0c8-1d59f6c97ec1', '7d1bd28c-f509-4b17-8b01-9be547301bcd');
INSERT INTO public.apartaments VALUES ('acf6ee2c-a734-41ac-bad6-434bd19259ef', '352', '{ "street": "Ленинградский проспект", "house_number": "39", "apartament_number": "352" }', '1bf4e497-d679-496a-a2fb-d9ea9b022a29', 'a8b25690-a9c4-4532-89ec-f5f0c405ea87');
INSERT INTO public.apartaments VALUES ('bfab93de-b484-4459-9d4a-9502436a0602', '78', '{ "street": "улица Косыгина", "house_number": "15", "apartament_number": "78" }', 'ea759938-d22d-4582-bf0e-81f4e6c89b02', '25300d9a-da01-45f8-a21c-b1a95d32cc73');
INSERT INTO public.apartaments VALUES ('1f992107-b001-46e3-b47f-2a03b15aa1ae', '160', '{ "street": "Лефортовская набережная", "house_number": "1", "apartament_number": "160" }', '895be913-f39b-4a90-8733-e16f19feda60', '09add97d-17d4-490e-8102-f913ef2c2235');
INSERT INTO public.apartaments VALUES ('d6aaa067-4174-4c7a-9576-153b639415ae', '157', '{ "street": "улица Льва Толстого", "house_number": "16", "apartament_number": "157" }', '7bb7e0e9-1aa5-4d59-843b-019a20be0bdc', '09add97d-17d4-490e-8102-f913ef2c2235');
INSERT INTO public.apartaments VALUES ('1512b9e3-63d2-49f3-91a3-2d6251879dd1', '768', '{ "street": "Лефортовская набережная", "house_number": "1", "apartament_number": "768" }', '895be913-f39b-4a90-8733-e16f19feda60', '09add97d-17d4-490e-8102-f913ef2c2235');
INSERT INTO public.apartaments VALUES ('78860549-4f37-4730-9912-fb1a2cf63663', '823', '{ "street": "Новинский бульвар", "house_number": "8", "apartament_number": "823" }', '5e685c9c-9bab-470f-857c-60ebec13f3ba', '2248971b-030e-40b5-a7b4-4ac6b31bba1c');
INSERT INTO public.apartaments VALUES ('ad6ca9cf-de0b-4905-9835-6f63af0004cc', '639', '{ "street": "Рубцовская набережная", "house_number": "2", "apartament_number": "639" }', '679ebc23-4a17-4b2b-bba8-b72a0b74d21b', '7d1bd28c-f509-4b17-8b01-9be547301bcd');
INSERT INTO public.apartaments VALUES ('10fb0db1-f6d9-4552-b5e6-05f10a008b02', '903', '{ "street": "Рубцовская набережная", "house_number": "2", "apartament_number": "903" }', '679ebc23-4a17-4b2b-bba8-b72a0b74d21b', 'caa6d37c-cfa5-40ed-b08c-79b6a95726fb');
INSERT INTO public.apartaments VALUES ('0e174cc2-26d3-432c-9ce4-c278b97a4f3c', '142', '{ "street": "2-я Бауманская", "house_number": "5", "apartament_number": "142" }', '3362d0e4-77f4-4b2f-a750-010e91b39466', 'd5de535b-8ba5-4d16-b8cc-c478428b745a');
INSERT INTO public.apartaments VALUES ('8cdaf7e9-ecd3-4412-8ec1-4a6bb54102db', '455', '{ "street": "Садовническая улица ", "house_number": "82", "apartament_number": "455" }', 'b13c6345-7da9-4ada-b0c8-1d59f6c97ec1', '09add97d-17d4-490e-8102-f913ef2c2235');
INSERT INTO public.service_types VALUES ('669212de-3330-407a-a5ac-bb6e5dadc30e', 'Горячая вода', 'True', '2392');
INSERT INTO public.service_types VALUES ('b1658347-847e-4c18-91b6-060337d0c7df', 'Холодная вода', 'True', '3137');
INSERT INTO public.service_types VALUES ('c34fa634-08d8-426b-b83f-a2a1ca4f5e40', 'Отопление', 'True', '1036');
INSERT INTO public.service_types VALUES ('3ac070d0-bae2-4fb4-a5cc-8b91f0543a53', 'Вывоз мусора', 'False', '7729');
INSERT INTO public.service_types VALUES ('27d821b0-1951-448c-8b63-6bd3c981fa5c', 'Уборка общественных помещений', 'False', '9460');
INSERT INTO public.service_types VALUES ('11e62333-0df6-415e-b520-0453931cf07c', 'Лифты', 'False', '2670');
INSERT INTO public.service_types VALUES ('dfb4ea66-10e2-4f38-b7e3-cfaa16fa7fc1', 'Обслуживание кофепоинтов', 'False', '2764');
INSERT INTO public.service_types VALUES ('c0c63294-bd4e-42ca-a3a0-609dde7c4edc', 'Поливка растений', 'False', '9917');
INSERT INTO public.service_types VALUES ('86222057-fe5a-411d-a474-c82464f9d88d', 'Электричество', 'True', '9423');
INSERT INTO public.service_types VALUES ('8e843ca4-4d62-485d-97c6-67fa0f407951', 'Холодное отопление', 'True', '9752');
INSERT INTO public.payments VALUES ('5a8fbd5e-6737-4209-a6c4-5b2dbdb98ef1', '2016-03-01', '2016-03-08', '33302', '{8e843ca4-4d62-485d-97c6-67fa0f407951, 27d821b0-1951-448c-8b63-6bd3c981fa5c, c0c63294-bd4e-42ca-a3a0-609dde7c4edc, b1658347-847e-4c18-91b6-060337d0c7df, c34fa634-08d8-426b-b83f-a2a1ca4f5e40}'::uuid[], 'd6aaa067-4174-4c7a-9576-153b639415ae');
INSERT INTO public.payments VALUES ('e9ecf452-1637-4c05-b476-de5966359505', '2020-08-01', '2020-08-07', '21352', '{3ac070d0-bae2-4fb4-a5cc-8b91f0543a53, c34fa634-08d8-426b-b83f-a2a1ca4f5e40, c0c63294-bd4e-42ca-a3a0-609dde7c4edc, 11e62333-0df6-415e-b520-0453931cf07c}'::uuid[], '66060b62-14c2-4c40-bd27-b70f94cfb2a7');
INSERT INTO public.payments VALUES ('0c128153-2e19-41c6-9f5f-48b503581e22', '2000-06-01', '2000-06-09', '22708', '{c0c63294-bd4e-42ca-a3a0-609dde7c4edc, 3ac070d0-bae2-4fb4-a5cc-8b91f0543a53, 669212de-3330-407a-a5ac-bb6e5dadc30e, 11e62333-0df6-415e-b520-0453931cf07c}'::uuid[], 'c82ed7c5-c03a-4335-a2d4-f9405b160446');
INSERT INTO public.payments VALUES ('493b2c6c-0604-47fb-82f5-10c463d144a0', '2007-03-01', '2007-03-15', '14485', '{669212de-3330-407a-a5ac-bb6e5dadc30e, 11e62333-0df6-415e-b520-0453931cf07c, 86222057-fe5a-411d-a474-c82464f9d88d}'::uuid[], 'bfab93de-b484-4459-9d4a-9502436a0602');
INSERT INTO public.payments VALUES ('b0a953d5-586b-471d-93c4-154591fb3e3e', '2015-12-01', '2015-12-26', '20617', '{3ac070d0-bae2-4fb4-a5cc-8b91f0543a53, 27d821b0-1951-448c-8b63-6bd3c981fa5c, 669212de-3330-407a-a5ac-bb6e5dadc30e, c34fa634-08d8-426b-b83f-a2a1ca4f5e40}'::uuid[], '78860549-4f37-4730-9912-fb1a2cf63663');
INSERT INTO public.payments VALUES ('7c801fc6-bb03-443f-b667-59b9373e4146', '2018-07-01', '2018-07-08', '2392', '{669212de-3330-407a-a5ac-bb6e5dadc30e}'::uuid[], '818f7c4d-7ad8-415d-b152-e2edc0e3b113');
INSERT INTO public.payments VALUES ('3dc54a17-8751-45b1-83f4-1cb9ba261d30', '2010-10-01', '2010-10-05', '21769', '{669212de-3330-407a-a5ac-bb6e5dadc30e, 27d821b0-1951-448c-8b63-6bd3c981fa5c, c0c63294-bd4e-42ca-a3a0-609dde7c4edc}'::uuid[], '1f992107-b001-46e3-b47f-2a03b15aa1ae');
INSERT INTO public.payments VALUES ('c721b3c7-c0ca-4e0c-870a-8a6f474eb4af', '2017-12-01', '2017-12-02', '20289', '{86222057-fe5a-411d-a474-c82464f9d88d, b1658347-847e-4c18-91b6-060337d0c7df, 3ac070d0-bae2-4fb4-a5cc-8b91f0543a53}'::uuid[], '78860549-4f37-4730-9912-fb1a2cf63663');
INSERT INTO public.payments VALUES ('1cffd06a-9ec3-4b1a-911c-6bffcacca0f9', '2015-07-01', '2015-07-10', '25847', '{27d821b0-1951-448c-8b63-6bd3c981fa5c, c34fa634-08d8-426b-b83f-a2a1ca4f5e40, c0c63294-bd4e-42ca-a3a0-609dde7c4edc, dfb4ea66-10e2-4f38-b7e3-cfaa16fa7fc1, 11e62333-0df6-415e-b520-0453931cf07c}'::uuid[], 'a8bce8df-86d7-481e-9a0b-c45ee9111926');
INSERT INTO public.payments VALUES ('35621783-661b-4d8a-8ca7-5cf986f26ded', '2014-09-01', '2014-09-27', '9752', '{8e843ca4-4d62-485d-97c6-67fa0f407951}'::uuid[], 'bfab93de-b484-4459-9d4a-9502436a0602');
